0,603999,读者传媒
1,603998,XD方盛制
2,603997,继峰股份
3,603996,中新科技
4,603993,洛阳钼业
5,603991,至正股份
6,603990,麦迪科技
7,603989,艾华集团
8,603988,中电电机
9,603987,康德莱
10,603986,兆易创新
11,603985,恒润股份
12,603980,吉华集团
13,603979,金诚信
14,603977,国泰集团
15,603969,银龙股份
16,603968,醋化股份
17,603966,法兰泰克
18,603960,克来机电
19,603959,百利科技
20,603958,哈森股份
21,603955,大千生态
22,603939,益丰药房
23,603938,三孚股份
24,603936,博敏电子
25,603933,睿能科技
26,603929,亚翔集成
27,603928,兴业股份
28,603926,铁流股份
29,603920,世运电路
30,603919,金徽酒
31,603918,金桥信息
32,603909,合诚股份
33,603908,牧高笛
34,603906,龙蟠科技
35,603903,中持股份
36,603901,永创智能
37,603900,通灵珠宝
38,603899,晨光文具
39,603898,好莱客
40,603896,寿仙谷
41,603889,新澳股份
42,603888,新华网
43,603887,城地股份
44,603886,元祖股份
45,603885,吉祥航空
46,603883,老百姓
47,603881,数据港
48,603879,永悦科技
49,603878,武进不锈
50,603877,太平鸟
51,603869,北部湾旅
52,603868,飞科电器
53,603866,桃李面包
54,603861,白云电器
55,603859,能科股份
56,603858,步长制药
57,603855,华荣股份
58,603843,正平股份
59,603839,安正时尚
60,603838,四通股份
61,603833,欧派家居
62,603828,柯利达
63,603826,坤彩科技
64,603823,百合花
65,603822,嘉澳环保
66,603819,神力股份
67,603818,曲美家居
68,603817,海峡环保
69,603816,顾家家居
70,603811,诚意药业
71,603808,歌力思
72,603806,福斯特
73,603803,瑞斯康达
74,603801,志邦股份
75,603800,道森股份
76,603799,华友钴业
77,603798,康普顿
78,603797,联泰环保
79,603789,星光农机
80,603788,宁波高发
81,603787,新日股份
82,603779,威龙股份
83,603778,乾景园林
84,603777,来伊份
85,603768,常青股份
86,603767,中马传动
87,603766,隆鑫通用
88,603758,秦安股份
89,603757,大元泵业
90,603738,泰晶科技
91,603737,三棵树
92,603729,龙韵股份
93,603728,鸣志电器
94,603727,博迈科
95,603726,朗迪集团
96,603718,海利生物
97,603717,天域生态
98,603716,塞力斯
99,603708,家家悦
100,603707,N健友
101,603703,盛洋科技
102,603701,德宏股份
103,603699,纽威股份
104,603698,航天工程
105,603696,安记食品
106,603690,至纯科技
107,603689,皖天然气
108,603688,石英股份
109,603686,龙马环卫
110,603679,华体科技
111,603678,火炬电子
112,603677,奇精机械
113,603669,灵康药业
114,603668,天马科技
115,603667,五洲新春
116,603665,康隆达
117,603663,三祥新材
118,603660,苏州科达
119,603658,安图生物
120,603656,泰禾光电
121,603639,海利尔
122,603638,艾迪精密
123,603637,镇海股份
124,603636,南威软件
125,603633,徕木股份
126,603630,拉芳家化
127,603628,清源股份
128,603626,科森科技
129,603618,杭电股份
130,603617,君禾股份
131,603616,韩建河山
132,603615,茶花股份
133,603612,索通发展
134,603611,诺力股份
135,603609,禾丰牧业
136,603608,天创时尚
137,603606,东方电缆
138,603603,博天环境
139,603601,再升科技
140,603600,永艺股份
141,603599,广信股份
142,603598,引力传媒
143,603595,东尼电子
144,603589,口子窖
145,603588,高能环境
146,603586,金麒麟
147,603585,苏利股份
148,603580,艾艾精工
149,603579,荣泰健康
150,603578,三星新材
151,603577,汇金通
152,603569,长久物流
153,603568,伟明环保
154,603567,珍宝岛
155,603566,普莱柯
156,603559,中通国脉
157,603558,健盛集团
158,603556,海兴电力
159,603555,贵人鸟
160,603538,美诺华
161,603536,惠发股份
162,603528,多伦科技
163,603520,司太立
164,603519,立霸股份
165,603518,维格娜丝
166,603517,绝味食品
167,603515,欧普照明
168,603508,思维列控
169,603505,金石资源
170,603501,韦尔股份
171,603496,恒为科技
172,603488,展鹏科技
173,603456,九洲药业
174,603444,吉比特
175,603429,集友股份
176,603421,鼎信通讯
177,603416,信捷电气
178,603399,新华龙
179,603398,邦宝益智
180,603393,新天然气
181,603389,亚振家居
182,603388,元成股份
183,603387,基蛋生物
184,603385,惠达卫浴
185,603383,顶点软件
186,603380,易德龙
187,603377,东方时尚
188,603369,今世缘
189,603368,柳州医药
190,603366,日出东方
191,603360,百傲化学
192,603358,华达科技
193,603355,莱克电气
194,603345,安井食品
195,603339,四方冷链
196,603338,浙江鼎力
197,603337,杰克股份
198,603336,宏辉果蔬
199,603335,迪生力
200,603333,明星电缆
201,603331,百达精工
202,603330,上海天洋
203,603328,依顿电子
204,603326,我乐家居
205,603323,吴江银行
206,603322,超讯通信
207,603320,迪贝电气
208,603319,湘油泵
209,603318,派思股份
210,603316,诚邦股份
211,603315,福鞍股份
212,603313,梦百合
213,603311,金海环境
214,603309,维力医疗
215,603308,应流股份
216,603306,华懋科技
217,603305,旭升股份
218,603303,得邦照明
219,603300,华铁科技
220,603299,井神股份
221,603298,杭叉集团
222,603288,海天味业
223,603286,日盈电子
224,603269,海鸥股份
225,603268,松发股份
226,603266,天龙股份
227,603258,电魂网络
228,603239,浙江仙通
229,603238,诺邦股份
230,603232,格尔软件
231,603229,奥翔药业
232,603228,景旺电子
233,603227,雪峰科技
234,603226,菲林格尔
235,603225,新凤鸣
236,603223,恒通股份
237,603222,济民制药
238,603218,日月股份
239,603208,江山欧派
240,603203,快克股份
241,603200,上海洗霸
242,603199,九华旅游
243,603198,迎驾贡酒
244,603197,保隆科技
245,603196,日播时尚
246,603189,网达软件
247,603188,亚邦股份
248,603186,华正新材
249,603180,金牌厨柜
250,603179,新泉股份
251,603178,圣龙股份
252,603177,德创环保
253,603169,兰石重装
254,603168,莎普爱思
255,603167,渤海轮渡
256,603166,福达股份
257,603165,荣晟环保
258,603160,汇顶科技
259,603159,上海亚虹
260,603158,腾龙股份
261,603139,康惠制药
262,603138,海量数据
263,603133,碳元科技
264,603131,上海沪工
265,603128,华贸物流
266,603126,中材节能
267,603123,翠微股份
268,603118,共进股份
269,603117,万林股份
270,603116,红蜻蜓
271,603113,金能科技
272,603111,康尼机电
273,603108,润达医疗
274,603101,汇嘉时代
275,603100,川仪股份
276,603099,长白山
277,603098,森特股份
278,603096,新经典
279,603090,宏盛股份
280,603089,正裕工业
281,603088,宁波精达
282,603086,先达股份
283,603085,天成自控
284,603081,大丰实业
285,603078,江化微
286,603077,和邦生物
287,603069,海汽集团
288,603067,振华股份
289,603066,音飞储存
290,603060,国检集团
291,603058,永吉股份
292,603050,科林电气
293,603043,广州酒家
294,603042,华脉科技
295,603041,美思德
296,603040,新坐标
297,603039,泛微网络
298,603038,华立股份
299,603037,凯众股份
300,603036,如通股份
301,603035,常熟汽饰
302,603033,三维股份
303,603032,德新交运
304,603031,安德利
305,603030,全筑股份
306,603029,天鹅股份
307,603028,赛福天
308,603027,千禾味业
309,603026,石大胜华
310,603025,大豪科技
311,603023,威帝股份
312,603022,新通联
313,603021,山东华鹏
314,603020,爱普股份
315,603019,中科曙光
316,603018,中设集团
317,603017,中衡设计
318,603016,新宏泰
319,603015,弘讯科技
320,603012,创力集团
321,603011,合锻智能
322,603010,万盛股份
323,603009,北特科技
324,603008,喜临门
325,603007,花王股份
326,603006,联明股份
327,603005,晶方科技
328,603003,龙宇燃油
329,603002,宏昌电子
330,603001,奥康国际
331,603000,人民网
332,601999,出版传媒
333,601998,中信银行
334,601997,贵阳银行
335,601996,丰林集团
336,601992,金隅股份
337,601991,大唐发电
338,601989,中国重工
339,601988,中国银行
340,601985,中国核电
341,601969,海南矿业
342,601968,宝钢包装
343,601966,玲珑轮胎
344,601965,中国汽研
345,601958,金钼股份
346,601952,苏垦农发
347,601939,建设银行
348,601933,永辉超市
349,601929,吉视传媒
350,601928,凤凰传媒
351,601919,中远海控
352,601908,京运通
353,601901,方正证券
354,601900,南方传媒
355,601899,紫金矿业
356,601898,中煤能源
357,601890,亚星锚链
358,601888,中国国旅
359,601886,江河集团
360,601882,海天精工
361,601881,中国银河
362,601880,大连港
363,601878,浙商证券
364,601877,正泰电器
365,601872,招商轮船
366,601866,中远海发
367,601858,中国科传
368,601857,中国石油
369,601818,光大银行
370,601811,新华文轩
371,601808,中海油服
372,601801,皖新传媒
373,601800,中国交建
374,601799,星宇股份
375,601798,蓝科高新
376,601789,宁波建工
377,601788,XD光大证
378,601777,力帆股份
379,601766,中国中车
380,601727,上海电气
381,601718,XD际华集
382,601717,郑煤机
383,601700,风范股份
384,601699,潞安环能
385,601689,拓普集团
386,601688,华泰证券
387,601678,滨化股份
388,601677,明泰铝业
389,601669,中国电建
390,601668,中国建筑
391,601666,平煤股份
392,601636,旗滨集团
393,601633,长城汽车
394,601628,中国人寿
395,601618,中国中冶
396,601616,广电电气
397,601611,中国核建
398,601608,中信重工
399,601607,上海医药
400,601601,中国太保
401,601600,中国铝业
402,601599,鹿港文化
403,601595,上海电影
404,601588,北辰实业
405,601579,会稽山
406,601567,三星医疗
407,601566,九牧王
408,601555,东吴证券
409,601518,吉林高速
410,601515,东风股份
411,601500,通用股份
412,601398,工商银行
413,601390,中国中铁
414,601388,怡球资源
415,601377,兴业证券
416,601375,中原证券
417,601369,陕鼓动力
418,601368,XD绿城水
419,601366,利群股份
420,601339,百隆东方
421,601336,新华保险
422,601333,广深铁路
423,601328,交通银行
424,601318,中国平安
425,601313,江南嘉捷
426,601311,骆驼股份
427,601288,农业银行
428,601258,庞大集团
429,601238,广汽集团
430,601233,桐昆股份
431,601231,环旭电子
432,601229,上海银行
433,601228,广州港
434,601226,华电重工
435,601225,陕西煤业
436,601222,林洋能源
437,601218,吉鑫科技
438,601216,君正集团
439,601212,白银有色
440,601211,国泰君安
441,601208,东材科技
442,601200,上海环境
443,601199,江南水务
444,601198,东兴证券
445,601188,龙江交通
446,601186,XD中国铁
447,601179,中国西电
448,601177,杭齿前进
449,601169,北京银行
450,601168,西部矿业
451,601166,兴业银行
452,601163,三角轮胎
453,601158,重庆水务
454,601155,新城控股
455,601139,深圳燃气
456,601137,博威合金
457,601128,常熟银行
458,601127,小康股份
459,601126,四方股份
460,601118,海南橡胶
461,601117,中国化学
462,601116,三江购物
463,601113,华鼎股份
464,601111,中国国航
465,601107,四川成渝
466,601101,昊华能源
467,601100,恒立液压
468,601099,太平洋
469,601098,中南传媒
470,601088,中国神华
471,601069,西部黄金
472,601058,赛轮金宇
473,601038,一拖股份
474,601028,玉龙股份
475,601021,春秋航空
476,601020,华钰矿业
477,601018,宁波港
478,601016,节能风电
479,601015,陕西黑猫
480,601012,隆基股份
481,601011,宝泰隆
482,601010,文峰股份
483,601009,南京银行
484,601008,连云港
485,601007,金陵饭店
486,601006,大秦铁路
487,601003,XD柳钢股
488,601002,晋亿实业
489,601001,大同煤业
490,601000,唐山港
491,600999,招商证券
492,600998,九州通
493,600997,开滦股份
494,600996,贵广网络
495,600995,文山电力
496,600993,马应龙
497,600992,贵绳股份
498,600990,四创电子
499,600988,赤峰黄金
500,600987,航民股份
501,600986,科达股份
502,600985,雷鸣科化
503,600984,建设机械
504,600983,惠而浦
505,600982,宁波热电
506,600981,汇鸿集团
507,600980,北矿科技
508,600979,广安爱众
509,600978,宜华生活
510,600977,中国电影
511,600976,健民集团
512,600975,新五丰
513,600973,宝胜股份
514,600971,恒源煤电
515,600970,中材国际
516,600969,郴电国际
517,600967,内蒙一机
518,600966,博汇纸业
519,600965,福成股份
520,600963,岳阳林纸
521,600962,国投中鲁
522,600961,株冶集团
523,600960,渤海活塞
524,600959,江苏有线
525,600958,东方证券
526,600939,重庆建工
527,600936,广西广电
528,600926,杭州银行
529,600919,江苏银行
530,600917,重庆燃气
531,600909,华安证券
532,600908,无锡银行
533,600900,长江电力
534,600898,国美通讯
535,600897,厦门空港
536,600896,览海投资
537,600895,张江高科
538,600894,广日股份
539,600893,航发动力
540,600892,大晟文化
541,600891,秋林集团
542,600890,中房股份
543,600889,南京化纤
544,600888,新疆众和
545,600887,伊利股份
546,600886,国投电力
547,600885,宏发股份
548,600884,杉杉股份
549,600883,博闻科技
550,600882,广泽股份
551,600881,亚泰集团
552,600880,博瑞传播
553,600879,航天电子
554,600876,洛阳玻璃
555,600875,东方电气
556,600874,创业环保
557,600873,梅花生物
558,600872,中炬高新
559,600871,石化油服
560,600870,厦华电子
561,600869,智慧能源
562,600868,梅雁吉祥
563,600867,通化东宝
564,600865,百大集团
565,600864,哈投股份
566,600863,内蒙华电
567,600862,中航高科
568,600861,北京城乡
569,600859,王府井
570,600858,银座股份
571,600857,宁波中百
572,600856,中天能源
573,600855,航天长峰
574,600854,春兰股份
575,600853,龙建股份
576,600851,海欣股份
577,600850,华东电脑
578,600848,上海临港
579,600846,同济科技
580,600845,宝信软件
581,600843,上工申贝
582,600841,上柴股份
583,600839,四川长虹
584,600838,上海九百
585,600837,海通证券
586,600836,界龙实业
587,600835,上海机电
588,600834,申通地铁
589,600833,第一医药
590,600831,广电网络
591,600830,香溢融通
592,600829,人民同泰
593,600828,茂业商业
594,600827,百联股份
595,600826,兰生股份
596,600825,新华传媒
597,600824,益民集团
598,600823,世茂股份
599,600822,上海物贸
600,600821,津劝业
601,600820,隧道股份
602,600819,耀皮玻璃
603,600818,中路股份
604,600816,安信信托
605,600814,杭州解百
606,600812,华北制药
607,600811,东方集团
608,600810,神马股份
609,600809,山西汾酒
610,600808,马钢股份
611,600807,天业股份
612,600805,悦达投资
613,600804,鹏博士
614,600803,新奥股份
615,600802,福建水泥
616,600801,华新水泥
617,600800,天津磁卡
618,600798,宁波海运
619,600797,浙大网新
620,600796,钱江生化
621,600795,国电电力
622,600794,保税科技
623,600792,云煤能源
624,600791,京能置业
625,600790,轻纺城
626,600789,鲁抗医药
627,600787,中储股份
628,600785,新华百货
629,600784,鲁银投资
630,600783,XD鲁信创
631,600782,新钢股份
632,600781,辅仁药业
633,600780,通宝能源
634,600779,水井坊
635,600778,友好集团
636,600777,新潮能源
637,600776,东方通信
638,600775,南京熊猫
639,600774,汉商集团
640,600773,西藏城投
641,600771,广誉远
642,600770,综艺股份
643,600769,祥龙电业
644,600768,宁波富邦
645,600766,园城黄金
646,600765,中航重机
647,600764,中电广通
648,600763,通策医疗
649,600761,安徽合力
650,600759,洲际油气
651,600758,红阳能源
652,600757,长江传媒
653,600756,浪潮软件
654,600755,厦门国贸
655,600754,锦江股份
656,600753,东方银星
657,600751,天海投资
658,600750,江中药业
659,600749,西藏旅游
660,600748,上实发展
661,600746,江苏索普
662,600745,中茵股份
663,600744,华银电力
664,600743,华远地产
665,600742,一汽富维
666,600741,华域汽车
667,600740,山西焦化
668,600739,辽宁成大
669,600738,兰州民百
670,600737,中粮糖业
671,600736,苏州高新
672,600735,新华锦
673,600734,实达集团
674,600731,湖南海利
675,600730,中国高科
676,600729,重庆百货
677,600728,佳都科技
678,600727,鲁北化工
679,600726,华电能源
680,600724,宁波富达
681,600723,首商股份
682,600722,金牛化工
683,600720,祁连山
684,600719,大连热电
685,600718,东软集团
686,600717,天津港
687,600716,凤凰股份
688,600715,文投控股
689,600714,金瑞矿业
690,600713,南京医药
691,600712,南宁百货
692,600711,盛屯矿业
693,600708,光明地产
694,600707,彩虹股份
695,600706,曲江文旅
696,600705,中航资本
697,600704,物产中大
698,600703,三安光电
699,600702,沱牌舍得
700,600699,均胜电子
701,600698,湖南天雁
702,600697,欧亚集团
703,600695,绿庭投资
704,600694,大商股份
705,600693,东百集团
706,600692,亚通股份
707,600691,阳煤化工
708,600690,青岛海尔
709,600689,上海三毛
710,600688,上海石化
711,600687,刚泰控股
712,600686,金龙汽车
713,600685,中船防务
714,600684,珠江实业
715,600683,京投发展
716,600682,南京新百
717,600681,百川能源
718,600679,上海凤凰
719,600678,四川金顶
720,600677,航天通信
721,600676,交运股份
722,600674,川投能源
723,600673,东阳光科
724,600671,天目药业
725,600668,尖峰集团
726,600667,太极实业
727,600666,奥瑞德
728,600665,天地源
729,600664,哈药股份
730,600663,陆家嘴
731,600662,强生控股
732,600661,新南洋
733,600660,福耀玻璃
734,600658,电子城
735,600657,信达地产
736,600655,豫园商城
737,600653,申华控股
738,600652,游久游戏
739,600651,飞乐音响
740,600650,锦江投资
741,600649,城投控股
742,600648,外高桥
743,600647,同达创业
744,600645,中源协和
745,600644,乐山电力
746,600643,爱建集团
747,600642,申能股份
748,600641,万业企业
749,600640,号百控股
750,600639,浦东金桥
751,600638,新黄浦
752,600637,东方明珠
753,600635,大众公用
754,600634,富控互动
755,600633,浙数文化
756,600630,龙头股份
757,600629,华建集团
758,600628,新世界
759,600626,申达股份
760,600624,复旦复华
761,600623,华谊集团
762,600622,嘉宝集团
763,600621,华鑫股份
764,600620,XD天宸股
765,600619,海立股份
766,600618,氯碱化工
767,600617,国新能源
768,600616,金枫酒业
769,600615,丰华股份
770,600614,鹏起科技
771,600613,神奇制药
772,600612,老凤祥
773,600611,大众交通
774,600610,中毅达
775,600609,金杯汽车
776,600606,绿地控股
777,600605,汇通能源
778,600604,市北高新
779,600602,云赛智联
780,600601,方正科技
781,600600,青岛啤酒
782,600599,熊猫金控
783,600598,北大荒
784,600597,光明乳业
785,600596,新安股份
786,600595,中孚实业
787,600594,益佰制药
788,600593,大连圣亚
789,600592,龙溪股份
790,600590,泰豪科技
791,600589,广东榕泰
792,600588,用友网络
793,600587,新华医疗
794,600586,金晶科技
795,600585,海螺水泥
796,600584,长电科技
797,600583,海油工程
798,600582,天地科技
799,600580,卧龙电气
800,600579,天华院
801,600578,京能电力
802,600577,精达股份
803,600576,万家文化
804,600575,皖江物流
805,600573,惠泉啤酒
806,600572,康恩贝
807,600571,信雅达
808,600570,恒生电子
809,600569,安阳钢铁
810,600568,中珠医疗
811,600567,山鹰纸业
812,600566,济川药业
813,600565,迪马股份
814,600563,法拉电子
815,600562,国睿科技
816,600561,江西长运
817,600560,金自天正
818,600559,老白干酒
819,600558,大西洋
820,600557,康缘药业
821,600555,海航创新
822,600552,凯盛科技
823,600551,时代出版
824,600550,保变电气
825,600549,厦门钨业
826,600548,深高速
827,600547,山东黄金
828,600545,新疆城建
829,600543,莫高股份
830,600538,国发股份
831,600537,亿晶光电
832,600536,中国软件
833,600535,天士力
834,600533,栖霞建设
835,600532,宏达矿业
836,600531,豫光金铅
837,600530,交大昂立
838,600529,山东药玻
839,600528,中铁工业
840,600527,江南高纤
841,600526,菲达环保
842,600525,长园集团
843,600523,贵航股份
844,600522,中天科技
845,600521,华海药业
846,600519,贵州茅台
847,600518,康美药业
848,600517,置信电气
849,600516,方大炭素
850,600515,海航基础
851,600513,联环药业
852,600512,腾达建设
853,600511,国药股份
854,600510,黑牡丹
855,600509,天富能源
856,600508,上海能源
857,600507,方大特钢
858,600506,香梨股份
859,600505,西昌电力
860,600503,华丽家族
861,600502,安徽水利
862,600501,航天晨光
863,600500,中化国际
864,600499,科达洁能
865,600498,烽火通信
866,600497,驰宏锌锗
867,600496,精工钢构
868,600495,晋西车轴
869,600493,凤竹纺织
870,600491,龙元建设
871,600490,鹏欣资源
872,600489,中金黄金
873,600488,天药股份
874,600487,亨通光电
875,600486,扬农化工
876,600485,信威集团
877,600483,福能股份
878,600482,中国动力
879,600481,双良节能
880,600480,凌云股份
881,600479,千金药业
882,600478,科力远
883,600477,杭萧钢构
884,600476,湘邮科技
885,600475,华光股份
886,600470,六国化工
887,600469,风神股份
888,600468,百利电气
889,600467,好当家
890,600466,蓝光发展
891,600463,空港股份
892,600462,九有股份
893,600461,洪城水业
894,600460,士兰微
895,600459,贵研铂业
896,600458,时代新材
897,600456,宝钛股份
898,600455,博通股份
899,600452,涪陵电力
900,600449,宁夏建材
901,600448,华纺股份
902,600446,金证股份
903,600444,国机通用
904,600439,瑞贝卡
905,600438,通威股份
906,600436,片仔癀
907,600435,北方导航
908,600433,冠豪高新
909,600429,三元股份
910,600428,中远海特
911,600426,华鲁恒升
912,600422,昆药集团
913,600421,仰帆控股
914,600420,现代制药
915,600419,天润乳业
916,600418,江淮汽车
917,600416,湘电股份
918,600415,小商品城
919,600410,华胜天成
920,600409,三友化工
921,600408,安泰集团
922,600406,国电南瑞
923,600405,动力源
924,600400,红豆股份
925,600399,抚顺特钢
926,600398,海澜之家
927,600397,安源煤业
928,600396,金山股份
929,600395,盘江股份
930,600393,粤泰股份
931,600392,XD盛和资
932,600391,航发科技
933,600389,江山股份
934,600388,龙净环保
935,600387,海越股份
936,600386,北巴传媒
937,600385,山东金泰
938,600383,金地集团
939,600382,广东明珠
940,600380,健康元
941,600379,宝光股份
942,600378,天科股份
943,600377,宁沪高速
944,600376,首开股份
945,600373,中文传媒
946,600372,中航电子
947,600371,万向德农
948,600370,三房巷
949,600369,西南证券
950,600368,五洲交通
951,600367,红星发展
952,600366,宁波韵升
953,600365,通葡股份
954,600363,联创光电
955,600362,江西铜业
956,600361,华联综超
957,600360,华微电子
958,600359,新农开发
959,600358,国旅联合
960,600356,恒丰纸业
961,600355,精伦电子
962,600354,敦煌种业
963,600353,旭光股份
964,600352,浙江龙盛
965,600351,亚宝药业
966,600350,山东高速
967,600348,阳泉煤业
968,600345,长江通信
969,600343,航天动力
970,600340,华夏幸福
971,600338,西藏珠峰
972,600337,美克家居
973,600336,澳柯玛
974,600335,国机汽车
975,600333,长春燃气
976,600332,白云山
977,600331,宏达股份
978,600330,天通股份
979,600329,中新药业
980,600328,兰太实业
981,600327,大东方
982,600326,西藏天路
983,600325,华发股份
984,600323,瀚蓝环境
985,600322,天房发展
986,600321,国栋建设
987,600320,振华重工
988,600318,新力金融
989,600317,营口港
990,600316,XD洪都航
991,600315,上海家化
992,600313,农发种业
993,600312,平高电气
994,600311,荣华实业
995,600310,桂东电力
996,600309,万华化学
997,600308,华泰股份
998,600307,酒钢宏兴
999,600305,恒顺醋业
1000,600303,曙光股份
1001,600302,标准股份
1002,600300,维维股份
1003,600299,安迪苏
1004,600298,安琪酵母
1005,600297,广汇汽车
1006,600295,鄂尔多斯
1007,600293,三峡新材
1008,600292,远达环保
1009,600291,西水股份
1010,600290,华仪电气
1011,600289,亿阳信通
1012,600288,大恒科技
1013,600287,江苏舜天
1014,600285,羚锐制药
1015,600284,浦东建设
1016,600283,钱江水利
1017,600282,南钢股份
1018,600281,太化股份
1019,600280,中央商场
1020,600279,重庆港九
1021,600278,东方创业
1022,600277,亿利洁能
1023,600276,恒瑞医药
1024,600273,嘉化能源
1025,600272,开开实业
1026,600271,航天信息
1027,600270,外运发展
1028,600269,赣粤高速
1029,600268,国电南自
1030,600267,海正药业
1031,600266,北京城建
1032,600262,北方股份
1033,600261,阳光照明
1034,600260,凯乐科技
1035,600259,广晟有色
1036,600258,首旅酒店
1037,600257,大湖股份
1038,600256,广汇能源
1039,600255,鑫科材料
1040,600252,中恒集团
1041,600251,冠农股份
1042,600250,南纺股份
1043,600249,两面针
1044,600248,延长化建
1045,600246,万通地产
1046,600243,青海华鼎
1047,600242,中昌数据
1048,600241,时代万恒
1049,600240,华业资本
1050,600239,云南城投
1051,600238,海南椰岛
1052,600237,铜峰电子
1053,600236,桂冠电力
1054,600235,民丰特纸
1055,600233,圆通速递
1056,600232,金鹰股份
1057,600231,凌钢股份
1058,600229,城市传媒
1059,600227,赤天化
1060,600226,瀚叶股份
1061,600223,鲁商置业
1062,600222,太龙药业
1063,600221,海航控股
1064,600220,江苏阳光
1065,600219,南山铝业
1066,600218,全柴动力
1067,600217,中再资环
1068,600216,XD浙江医
1069,600215,长春经开
1070,600213,亚星客车
1071,600211,西藏药业
1072,600210,紫江企业
1073,600209,罗顿发展
1074,600208,新湖中宝
1075,600207,安彩高科
1076,600206,有研新材
1077,600203,福日电子
1078,600202,哈空调
1079,600201,生物股份
1080,600200,江苏吴中
1081,600199,金种子酒
1082,600198,大唐电信
1083,600197,伊力特
1084,600196,复星医药
1085,600195,中牧股份
1086,600193,创兴资源
1087,600192,长城电工
1088,600191,华资实业
1089,600190,锦州港
1090,600189,吉林森工
1091,600188,兖州煤业
1092,600187,国中水务
1093,600186,莲花健康
1094,600185,格力地产
1095,600184,光电股份
1096,600183,生益科技
1097,600182,S佳通
1098,600180,瑞茂通
1099,600178,东安动力
1100,600177,雅戈尔
1101,600176,中国巨石
1102,600175,美都能源
1103,600173,卧龙地产
1104,600172,黄河旋风
1105,600171,上海贝岭
1106,600170,上海建工
1107,600169,太原重工
1108,600168,武汉控股
1109,600167,联美控股
1110,600166,福田汽车
1111,600165,新日恒力
1112,600163,中闽能源
1113,600162,香江控股
1114,600161,天坛生物
1115,600160,巨化股份
1116,600159,大龙地产
1117,600158,中体产业
1118,600157,永泰能源
1119,600156,华升股份
1120,600155,宝硕股份
1121,600153,建发股份
1122,600152,维科精华
1123,600151,航天机电
1124,600150,中国船舶
1125,600148,长春一东
1126,600146,商赢环球
1127,600143,金发科技
1128,600141,兴发集团
1129,600139,西部资源
1130,600138,中青旅
1131,600137,浪莎股份
1132,600136,当代明诚
1133,600135,乐凯胶片
1134,600133,东湖高新
1135,600132,重庆啤酒
1136,600131,岷江水电
1137,600130,波导股份
1138,600129,太极集团
1139,600128,弘业股份
1140,600127,金健米业
1141,600126,杭钢股份
1142,600125,铁龙物流
1143,600123,兰花科创
1144,600122,宏图高科
1145,600120,浙江东方
1146,600119,长江投资
1147,600118,中国卫星
1148,600117,西宁特钢
1149,600116,三峡水利
1150,600115,东方航空
1151,600114,东睦股份
1152,600113,浙江东日
1153,600111,北方稀土
1154,600110,诺德股份
1155,600109,国金证券
1156,600108,亚盛集团
1157,600107,美尔雅
1158,600106,重庆路桥
1159,600105,永鼎股份
1160,600104,上汽集团
1161,600103,青山纸业
1162,600101,明星电力
1163,600100,同方股份
1164,600099,XD林海股
1165,600098,广州发展
1166,600097,开创国际
1167,600096,云天化
1168,600095,哈高科
1169,600094,大名城
1170,600093,易见股份
1171,600090,同济堂
1172,600089,特变电工
1173,600088,中视传媒
1174,600086,东方金钰
1175,600085,同仁堂
1176,600084,中葡股份
1177,600083,博信股份
1178,600082,海泰发展
1179,600081,东风科技
1180,600080,金花股份
1181,600079,人福医药
1182,600078,澄星股份
1183,600077,宋都股份
1184,600076,康欣新材
1185,600075,新疆天业
1186,600074,保千里
1187,600073,上海梅林
1188,600072,中船科技
1189,600071,凤凰光学
1190,600070,浙江富润
1191,600069,银鸽投资
1192,600068,葛洲坝
1193,600067,冠城大通
1194,600066,宇通客车
1195,600064,南京高科
1196,600063,皖维高新
1197,600062,华润双鹤
1198,600061,国投安信
1199,600060,海信电器
1200,600059,古越龙山
1201,600058,五矿发展
1202,600057,象屿股份
1203,600056,中国医药
1204,600055,万东医疗
1205,600054,黄山旅游
1206,600053,九鼎投资
1207,600052,浙江广厦
1208,600051,宁波联合
1209,600050,中国联通
1210,600048,保利地产
1211,600039,四川路桥
1212,600038,中直股份
1213,600037,歌华有线
1214,600036,招商银行
1215,600035,楚天高速
1216,600033,福建高速
1217,600031,三一重工
1218,600030,中信证券
1219,600029,南方航空
1220,600028,XD中国石
1221,600027,华电国际
1222,600026,中远海能
1223,600023,浙能电力
1224,600022,山东钢铁
1225,600021,上海电力
1226,600020,中原高速
1227,600019,宝钢股份
1228,600018,上港集团
1229,600017,日照港
1230,600016,民生银行
1231,600015,华夏银行
1232,600012,皖通高速
1233,600011,华能国际
1234,600010,包钢股份
1235,600009,上海机场
1236,600008,首创股份
1237,600007,中国国贸
1238,600006,东风汽车
1239,600004,白云机场
1240,600000,浦发银行
1241,300676,华大基因
1242,300675,N建科院
1243,300673,佩蒂股份
1244,300672,国科微
1245,300671,富满电子
1246,300670,大烨智能
1247,300669,沪宁股份
1248,300668,杰恩设计
1249,300667,必创科技
1250,300666,江丰电子
1251,300665,飞鹿股份
1252,300663,科蓝软件
1253,300662,科锐国际
1254,300661,圣邦股份
1255,300660,江苏雷利
1256,300659,中孚信息
1257,300658,延江股份
1258,300657,弘信电子
1259,300656,民德电子
1260,300655,晶瑞股份
1261,300653,正海生物
1262,300652,雷迪克
1263,300651,金陵体育
1264,300650,太龙照明
1265,300649,杭州园林
1266,300648,星云股份
1267,300647,超频三
1268,300645,正元智慧
1269,300643,万通智控
1270,300642,透景生命
1271,300641,正丹股份
1272,300640,德艺文创
1273,300639,凯普生物
1274,300638,广和通
1275,300637,扬帆新材
1276,300636,同和药业
1277,300635,达安股份
1278,300633,开立医疗
1279,300632,光莆股份
1280,300631,久吾高科
1281,300630,普利制药
1282,300629,新劲刚
1283,300628,亿联网络
1284,300627,华测导航
1285,300626,华瑞股份
1286,300625,三雄极光
1287,300623,捷捷微电
1288,300622,博士眼镜
1289,300621,维业股份
1290,300620,光库科技
1291,300619,金银河
1292,300618,寒锐钴业
1293,300617,安靠智电
1294,300616,尚品宅配
1295,300615,欣天科技
1296,300613,富瀚微
1297,300612,宣亚国际
1298,300611,美力科技
1299,300610,晨化股份
1300,300609,汇纳科技
1301,300608,思特奇
1302,300607,拓斯达
1303,300606,金太阳
1304,300605,恒锋信息
1305,300604,长川科技
1306,300603,立昂技术
1307,300602,飞荣达
1308,300601,康泰生物
1309,300600,瑞特股份
1310,300599,雄塑科技
1311,300598,诚迈科技
1312,300597,吉大通信
1313,300596,利安隆
1314,300595,欧普康视
1315,300593,新雷能
1316,300592,华凯创意
1317,300591,万里马
1318,300590,移为通信
1319,300589,江龙船艇
1320,300588,熙菱信息
1321,300587,天铁股份
1322,300586,美联新材
1323,300585,奥联电子
1324,300584,海辰药业
1325,300583,赛托生物
1326,300582,英飞特
1327,300581,晨曦航空
1328,300580,贝斯特
1329,300579,数字认证
1330,300578,会畅通讯
1331,300577,开润股份
1332,300576,容大感光
1333,300575,中旗股份
1334,300573,兴齐眼药
1335,300572,安车检测
1336,300571,平治信息
1337,300570,太辰光
1338,300569,天能重工
1339,300568,星源材质
1340,300567,精测电子
1341,300566,激智科技
1342,300565,科信技术
1343,300563,神宇股份
1344,300562,乐心医疗
1345,300561,汇金科技
1346,300560,中富通
1347,300559,佳发安泰
1348,300558,贝达药业
1349,300557,理工光科
1350,300556,丝路视觉
1351,300555,路通视信
1352,300554,三超新材
1353,300553,集智股份
1354,300552,万集科技
1355,300551,古鳌科技
1356,300550,和仁科技
1357,300549,优德精密
1358,300548,博创科技
1359,300547,川环科技
1360,300546,雄帝科技
1361,300545,联得装备
1362,300543,朗科智能
1363,300542,新晨科技
1364,300541,先进数通
1365,300540,深冷股份
1366,300539,横河模具
1367,300538,同益股份
1368,300537,广信材料
1369,300536,农尚环境
1370,300535,达威股份
1371,300534,陇神戎发
1372,300533,冰川网络
1373,300532,今天国际
1374,300531,优博讯
1375,300530,达志科技
1376,300529,健帆生物
1377,300528,幸福蓝海
1378,300527,华舟应急
1379,300526,中潜股份
1380,300525,博思软件
1381,300523,辰安科技
1382,300522,世名科技
1383,300521,爱司凯
1384,300520,科大国创
1385,300519,新光药业
1386,300518,盛讯达
1387,300517,海波重科
1388,300516,久之洋
1389,300515,三德科技
1390,300514,友讯达
1391,300513,恒泰实达
1392,300512,中亚股份
1393,300511,雪榕生物
1394,300510,金冠电气
1395,300509,新美星
1396,300508,维宏股份
1397,300507,苏奥传感
1398,300506,名家汇
1399,300505,川金诺
1400,300503,昊志机电
1401,300502,新易盛
1402,300501,海顺新材
1403,300500,启迪设计
1404,300499,高澜股份
1405,300498,温氏股份
1406,300497,富祥股份
1407,300496,中科创达
1408,300495,美尚生态
1409,300494,盛天网络
1410,300493,润欣科技
1411,300492,山鼎设计
1412,300491,通合科技
1413,300490,华自科技
1414,300489,中飞股份
1415,300488,恒锋工具
1416,300487,蓝晓科技
1417,300486,东杰智能
1418,300485,赛升药业
1419,300484,蓝海华腾
1420,300483,沃施股份
1421,300482,万孚生物
1422,300481,濮阳惠成
1423,300480,光力科技
1424,300479,神思电子
1425,300478,杭州高新
1426,300477,合纵科技
1427,300476,胜宏科技
1428,300475,聚隆科技
1429,300474,景嘉微
1430,300473,德尔股份
1431,300472,新元科技
1432,300471,厚普股份
1433,300470,日机密封
1434,300469,信息发展
1435,300468,四方精创
1436,300467,迅游科技
1437,300466,赛摩电气
1438,300465,高伟达
1439,300464,星徽精密
1440,300463,迈克生物
1441,300462,华铭智能
1442,300461,田中精机
1443,300460,惠伦晶体
1444,300459,金科文化
1445,300458,全志科技
1446,300457,赢合科技
1447,300456,耐威科技
1448,300455,康拓红外
1449,300453,三鑫医疗
1450,300452,山河药辅
1451,300451,创业软件
1452,300450,先导智能
1453,300449,汉邦高科
1454,300448,浩云科技
1455,300447,全信股份
1456,300446,乐凯新材
1457,300445,康斯特
1458,300444,双杰电气
1459,300443,金雷风电
1460,300442,普丽盛
1461,300441,鲍斯股份
1462,300440,运达科技
1463,300439,美康生物
1464,300438,鹏辉能源
1465,300437,清水源
1466,300436,广生堂
1467,300435,中泰股份
1468,300434,金石东方
1469,300433,蓝思科技
1470,300432,富临精工
1471,300431,暴风集团
1472,300430,诚益通
1473,300429,强力新材
1474,300428,四通新材
1475,300427,红相电力
1476,300426,唐德影视
1477,300425,环能科技
1478,300424,航新科技
1479,300423,鲁亿通
1480,300422,博世科
1481,300421,力星股份
1482,300420,五洋科技
1483,300419,浩丰科技
1484,300418,昆仑万维
1485,300417,南华仪器
1486,300416,苏试试验
1487,300415,伊之密
1488,300414,中光防雷
1489,300413,快乐购
1490,300412,迦南科技
1491,300411,金盾股份
1492,300410,正业科技
1493,300409,道氏技术
1494,300408,三环集团
1495,300407,凯发电气
1496,300406,九强生物
1497,300405,科隆股份
1498,300404,博济医药
1499,300403,地尔汉宇
1500,300402,宝色股份
1501,300401,花园生物
1502,300400,劲拓股份
1503,300399,京天利
1504,300398,飞凯材料
1505,300397,天和防务
1506,300396,迪瑞医疗
1507,300395,菲利华
1508,300394,天孚通信
1509,300393,中来股份
1510,300392,腾信股份
1511,300391,康跃科技
1512,300390,天华超净
1513,300389,艾比森
1514,300388,国祯环保
1515,300387,富邦股份
1516,300386,飞天诚信
1517,300385,雪浪环境
1518,300384,三联虹普
1519,300383,光环新网
1520,300382,斯莱克
1521,300381,溢多利
1522,300380,安硕信息
1523,300379,东方通
1524,300378,鼎捷软件
1525,300377,赢时胜
1526,300376,易事特
1527,300375,鹏翎股份
1528,300374,恒通科技
1529,300373,扬杰科技
1530,300372,欣泰退
1531,300371,汇中股份
1532,300370,安控科技
1533,300369,绿盟科技
1534,300368,汇金股份
1535,300367,东方网力
1536,300366,创意信息
1537,300365,恒华科技
1538,300364,中文在线
1539,300363,博腾股份
1540,300362,天翔环境
1541,300360,炬华科技
1542,300359,全通教育
1543,300358,楚天科技
1544,300357,我武生物
1545,300356,光一科技
1546,300355,蒙草生态
1547,300354,东华测试
1548,300353,东土科技
1549,300352,北信源
1550,300351,永贵电器
1551,300350,华鹏飞
1552,300349,金卡智能
1553,300348,长亮科技
1554,300347,泰格医药
1555,300346,南大光电
1556,300345,红宇新材
1557,300344,太空板业
1558,300343,联创互联
1559,300342,天银机电
1560,300341,麦迪电气
1561,300340,科恒股份
1562,300339,润和软件
1563,300338,开元股份
1564,300337,银邦股份
1565,300336,新文化
1566,300335,迪森股份
1567,300334,津膜科技
1568,300333,兆日科技
1569,300332,天壕环境
1570,300331,苏大维格
1571,300330,华虹计通
1572,300329,海伦钢琴
1573,300328,宜安科技
1574,300327,中颖电子
1575,300326,凯利泰
1576,300325,德威新材
1577,300324,旋极信息
1578,300323,华灿光电
1579,300322,硕贝德
1580,300321,同大股份
1581,300320,海达股份
1582,300319,麦捷科技
1583,300318,博晖创新
1584,300317,珈伟股份
1585,300316,晶盛机电
1586,300315,掌趣科技
1587,300314,戴维医疗
1588,300313,天山生物
1589,300312,邦讯技术
1590,300311,任子行
1591,300310,宜通世纪
1592,300309,吉艾科技
1593,300308,中际装备
1594,300307,慈星股份
1595,300306,远方光电
1596,300305,裕兴股份
1597,300304,云意电气
1598,300303,聚飞光电
1599,300302,同有科技
1600,300301,长方集团
1601,300300,汉鼎宇佑
1602,300299,富春股份
1603,300298,三诺生物
1604,300297,蓝盾股份
1605,300296,利亚德
1606,300295,三六五网
1607,300294,博雅生物
1608,300293,蓝英装备
1609,300292,吴通控股
1610,300291,华录百纳
1611,300290,荣科科技
1612,300289,利德曼
1613,300288,朗玛信息
1614,300287,飞利信
1615,300286,安科瑞
1616,300285,国瓷材料
1617,300284,苏交科
1618,300283,温州宏丰
1619,300282,汇冠股份
1620,300281,金明精机
1621,300280,南通锻压
1622,300279,和晶科技
1623,300278,华昌达
1624,300277,海联讯
1625,300276,三丰智能
1626,300275,梅安森
1627,300274,阳光电源
1628,300273,和佳股份
1629,300272,开能环保
1630,300271,华宇软件
1631,300270,中威电子
1632,300269,联建光电
1633,300268,佳沃股份
1634,300267,尔康制药
1635,300266,兴源环境
1636,300265,通光线缆
1637,300264,佳创视讯
1638,300263,隆华节能
1639,300262,巴安水务
1640,300261,雅本化学
1641,300260,新莱应材
1642,300259,新天科技
1643,300258,精锻科技
1644,300257,开山股份
1645,300256,星星科技
1646,300255,常山药业
1647,300254,仟源医药
1648,300253,卫宁健康
1649,300252,金信诺
1650,300251,光线传媒
1651,300250,初灵信息
1652,300249,依米康
1653,300248,新开普
1654,300247,乐金健康
1655,300246,宝莱特
1656,300245,天玑科技
1657,300244,迪安诊断
1658,300243,瑞丰高材
1659,300242,明家联合
1660,300241,瑞丰光电
1661,300240,飞力达
1662,300239,东宝生物
1663,300238,冠昊生物
1664,300237,美晨科技
1665,300236,上海新阳
1666,300235,方直科技
1667,300234,开尔新材
1668,300233,金城医药
1669,300232,洲明科技
1670,300231,银信科技
1671,300230,永利股份
1672,300229,拓尔思
1673,300228,富瑞特装
1674,300227,光韵达
1675,300226,上海钢联
1676,300225,金力泰
1677,300224,正海磁材
1678,300223,北京君正
1679,300222,科大智能
1680,300221,银禧科技
1681,300220,金运激光
1682,300219,鸿利智汇
1683,300218,安利股份
1684,300217,东方电热
1685,300216,千山药机
1686,300215,电科院
1687,300214,日科化学
1688,300213,佳讯飞鸿
1689,300212,易华录
1690,300211,亿通科技
1691,300210,森远股份
1692,300209,天泽信息
1693,300208,恒顺众昇
1694,300207,欣旺达
1695,300206,理邦仪器
1696,300205,天喻信息
1697,300204,舒泰神
1698,300203,聚光科技
1699,300202,聚龙股份
1700,300201,海伦哲
1701,300200,高盟新材
1702,300199,翰宇药业
1703,300198,纳川股份
1704,300197,铁汉生态
1705,300196,长海股份
1706,300195,长荣股份
1707,300194,福安药业
1708,300193,佳士科技
1709,300192,科斯伍德
1710,300191,潜能恒信
1711,300190,维尔利
1712,300189,神农基因
1713,300188,美亚柏科
1714,300187,永清环保
1715,300185,通裕重工
1716,300184,力源信息
1717,300183,东软载波
1718,300182,捷成股份
1719,300181,佐力药业
1720,300180,华峰超纤
1721,300179,四方达
1722,300178,腾邦国际
1723,300177,中海达
1724,300176,鸿特精密
1725,300175,朗源股份
1726,300174,元力股份
1727,300173,智慧松德
1728,300172,中电环保
1729,300171,东富龙
1730,300170,汉得信息
1731,300169,天晟新材
1732,300168,万达信息
1733,300167,迪威视讯
1734,300166,东方国信
1735,300165,天瑞仪器
1736,300164,通源石油
1737,300163,先锋新材
1738,300162,雷曼股份
1739,300161,华中数控
1740,300160,秀强股份
1741,300159,新研股份
1742,300158,振东制药
1743,300157,恒泰艾普
1744,300156,神雾环保
1745,300155,安居宝
1746,300154,瑞凌股份
1747,300153,科泰电源
1748,300152,科融环境
1749,300151,昌红科技
1750,300150,世纪瑞尔
1751,300149,量子高科
1752,300148,天舟文化
1753,300147,香雪制药
1754,300146,汤臣倍健
1755,300145,中金环境
1756,300144,宋城演艺
1757,300143,星普医科
1758,300142,沃森生物
1759,300141,和顺电气
1760,300140,中环装备
1761,300139,晓程科技
1762,300138,晨光生物
1763,300137,先河环保
1764,300136,信维通信
1765,300135,宝利国际
1766,300134,大富科技
1767,300133,华策影视
1768,300132,青松股份
1769,300131,英唐智控
1770,300130,新国都
1771,300129,泰胜风能
1772,300128,锦富技术
1773,300127,银河磁体
1774,300126,锐奇股份
1775,300125,易世达
1776,300124,汇川技术
1777,300123,太阳鸟
1778,300122,智飞生物
1779,300121,阳谷华泰
1780,300120,经纬电材
1781,300119,瑞普生物
1782,300118,东方日升
1783,300117,嘉寓股份
1784,300116,坚瑞沃能
1785,300115,长盈精密
1786,300114,中航电测
1787,300113,顺网科技
1788,300112,万讯自控
1789,300111,向日葵
1790,300110,华仁药业
1791,300109,新开源
1792,300108,双龙股份
1793,300107,建新股份
1794,300106,西部牧业
1795,300105,龙源技术
1796,300104,乐视网
1797,300103,达刚路机
1798,300102,乾照光电
1799,300101,振芯科技
1800,300100,双林股份
1801,300099,精准信息
1802,300098,高新兴
1803,300097,智云股份
1804,300096,易联众
1805,300095,华伍股份
1806,300094,国联水产
1807,300093,金刚玻璃
1808,300092,科新机电
1809,300091,金通灵
1810,300090,盛运环保
1811,300089,文化长城
1812,300088,长信科技
1813,300087,荃银高科
1814,300086,康芝药业
1815,300085,银之杰
1816,300084,海默科技
1817,300083,劲胜智能
1818,300082,奥克股份
1819,300081,恒信东方
1820,300080,易成新能
1821,300079,数码视讯
1822,300078,思创医惠
1823,300077,国民技术
1824,300076,GQY视讯
1825,300075,数字政通
1826,300074,华平股份
1827,300073,当升科技
1828,300072,三聚环保
1829,300071,华谊嘉信
1830,300070,碧水源
1831,300069,金利华电
1832,300068,南都电源
1833,300067,安诺其
1834,300066,三川智慧
1835,300065,海兰信
1836,300064,豫金刚石
1837,300063,天龙集团
1838,300062,中能电气
1839,300061,康耐特
1840,300059,东方财富
1841,300058,蓝色光标
1842,300057,万顺股份
1843,300056,三维丝
1844,300055,万邦达
1845,300054,鼎龙股份
1846,300053,欧比特
1847,300052,中青宝
1848,300051,三五互联
1849,300050,世纪鼎利
1850,300049,福瑞股份
1851,300048,合康新能
1852,300047,天源迪科
1853,300046,台基股份
1854,300045,华力创通
1855,300044,赛为智能
1856,300043,星辉娱乐
1857,300042,朗科科技
1858,300041,回天新材
1859,300040,九洲电气
1860,300039,上海凯宝
1861,300038,梅泰诺
1862,300037,新宙邦
1863,300036,超图软件
1864,300035,中科电气
1865,300034,钢研高纳
1866,300033,同花顺
1867,300032,金龙机电
1868,300031,宝通科技
1869,300030,阳普医疗
1870,300029,天龙光电
1871,300028,金亚科技
1872,300027,华谊兄弟
1873,300026,红日药业
1874,300025,华星创业
1875,300024,机器人
1876,300023,宝德股份
1877,300022,吉峰农机
1878,300021,大禹节水
1879,300020,银江股份
1880,300019,硅宝科技
1881,300018,中元股份
1882,300017,网宿科技
1883,300016,北陆药业
1884,300015,爱尔眼科
1885,300014,亿纬锂能
1886,300013,新宁物流
1887,300012,华测检测
1888,300011,鼎汉技术
1889,300010,立思辰
1890,300009,安科生物
1891,300008,天海防务
1892,300007,汉威科技
1893,300006,莱美药业
1894,300005,探路者
1895,300004,南风股份
1896,300003,乐普医疗
1897,300002,神州泰岳
1898,300001,特锐德
1899,002886,沃特股份
1900,002885,京泉华
1901,002884,凌霄泵业
1902,002883,中设股份
1903,002882,金龙羽
1904,002881,美格智能
1905,002880,卫光生物
1906,002879,长缆科技
1907,002878,元隆雅图
1908,002877,智能自控
1909,002876,三利谱
1910,002875,安奈儿
1911,002873,新天药业
1912,002872,天圣制药
1913,002871,伟隆股份
1914,002870,香山股份
1915,002869,金溢科技
1916,002868,绿康生化
1917,002867,周大生
1918,002866,传艺科技
1919,002865,钧达股份
1920,002863,今飞凯达
1921,002862,实丰文化
1922,002861,瀛通通讯
1923,002860,星帅尔
1924,002859,洁美科技
1925,002858,力盛赛车
1926,002857,三晖电气
1927,002856,美芝股份
1928,002855,捷荣技术
1929,002853,皮阿诺
1930,002852,道道全
1931,002851,麦格米特
1932,002850,科达利
1933,002849,威星智能
1934,002848,高斯贝尔
1935,002847,盐津铺子
1936,002846,英联股份
1937,002845,同兴达
1938,002843,泰嘉股份
1939,002842,翔鹭钨业
1940,002841,视源股份
1941,002840,华统股份
1942,002839,张家港行
1943,002838,道恩股份
1944,002837,英维克
1945,002836,新宏泽
1946,002835,同为股份
1947,002833,弘亚数控
1948,002832,比音勒芬
1949,002831,裕同科技
1950,002830,名雕股份
1951,002829,星网宇达
1952,002828,贝肯能源
1953,002827,高争民爆
1954,002826,易明医药
1955,002825,纳尔股份
1956,002824,和胜股份
1957,002823,凯中精密
1958,002822,中装建设
1959,002821,凯莱英
1960,002820,桂发祥
1961,002819,东方中科
1962,002818,富森美
1963,002817,黄山胶囊
1964,002816,和科达
1965,002815,崇达技术
1966,002813,路畅科技
1967,002812,创新股份
1968,002811,亚泰国际
1969,002810,山东赫达
1970,002809,红墙股份
1971,002808,苏州恒久
1972,002807,江阴银行
1973,002806,华锋股份
1974,002805,丰元股份
1975,002803,吉宏股份
1976,002802,洪汇新材
1977,002801,微光股份
1978,002800,天顺股份
1979,002799,环球印务
1980,002798,帝王洁具
1981,002797,第一创业
1982,002796,世嘉科技
1983,002795,永和智控
1984,002793,东音股份
1985,002792,通宇通讯
1986,002791,坚朗五金
1987,002790,瑞尔特
1988,002789,建艺集团
1989,002788,鹭燕医药
1990,002787,华源控股
1991,002786,银宝山新
1992,002785,万里石
1993,002783,凯龙股份
1994,002782,可立克
1995,002781,奇信股份
1996,002780,三夫户外
1997,002779,中坚科技
1998,002778,高科石化
1999,002777,久远银海
2000,002776,柏堡龙
2001,002775,文科园林
2002,002774,快意电梯
2003,002773,康弘药业
2004,002772,众兴菌业
2005,002771,真视通
2006,002770,科迪乳业
2007,002769,普路通
2008,002768,国恩股份
2009,002767,先锋电子
2010,002766,索菱股份
2011,002765,蓝黛传动
2012,002763,汇洁股份
2013,002762,金发拉比
2014,002761,多喜爱
2015,002760,凤形股份
2016,002759,天际股份
2017,002758,华通医药
2018,002757,南兴装备
2019,002756,永兴特钢
2020,002755,东方新星
2021,002753,永东股份
2022,002752,昇兴股份
2023,002751,易尚展示
2024,002750,龙津药业
2025,002749,国光股份
2026,002748,世龙实业
2027,002747,埃斯顿
2028,002746,仙坛股份
2029,002745,木林森
2030,002743,富煌钢构
2031,002742,三圣股份
2032,002741,光华科技
2033,002740,爱迪尔
2034,002739,万达电影
2035,002738,中矿资源
2036,002737,葵花药业
2037,002736,国信证券
2038,002735,王子新材
2039,002734,利民股份
2040,002733,雄韬股份
2041,002732,燕塘乳业
2042,002731,萃华珠宝
2043,002730,电光科技
2044,002729,好利来
2045,002728,特一药业
2046,002727,一心堂
2047,002726,龙大肉食
2048,002725,跃岭股份
2049,002724,海洋王
2050,002723,金莱特
2051,002722,金轮股份
2052,002721,金一文化
2053,002719,麦趣尔
2054,002718,友邦吊顶
2055,002717,岭南园林
2056,002716,金贵银业
2057,002715,登云股份
2058,002714,牧原股份
2059,002713,东易日盛
2060,002712,思美传媒
2061,002711,欧浦智网
2062,002709,天赐材料
2063,002708,光洋股份
2064,002707,众信旅游
2065,002706,良信电器
2066,002705,新宝股份
2067,002703,浙江世宝
2068,002702,海欣食品
2069,002701,奥瑞金
2070,002700,新疆浩源
2071,002699,美盛文化
2072,002698,博实股份
2073,002697,红旗连锁
2074,002696,百洋股份
2075,002695,煌上煌
2076,002694,顾地科技
2077,002693,双成药业
2078,002692,睿康股份
2079,002691,冀凯股份
2080,002690,美亚光电
2081,002689,远大智能
2082,002688,金河生物
2083,002687,乔治白
2084,002686,亿利达
2085,002685,华东重机
2086,002684,猛狮科技
2087,002683,宏大爆破
2088,002682,龙洲股份
2089,002681,奋达科技
2090,002680,长生生物
2091,002679,福建金森
2092,002678,珠江钢琴
2093,002677,浙江美大
2094,002676,顺威股份
2095,002675,东诚药业
2096,002674,兴业科技
2097,002673,西部证券
2098,002672,东江环保
2099,002671,龙泉股份
2100,002670,国盛金控
2101,002669,康达新材
2102,002668,奥马电器
2103,002667,鞍重股份
2104,002666,德联集团
2105,002665,首航节能
2106,002664,信质电机
2107,002663,普邦股份
2108,002662,京威股份
2109,002661,克明面业
2110,002660,茂硕电源
2111,002659,中泰桥梁
2112,002658,雪迪龙
2113,002657,中科金财
2114,002656,摩登大道
2115,002655,共达电声
2116,002654,万润科技
2117,002653,海思科
2118,002652,扬子新材
2119,002651,利君股份
2120,002650,加加食品
2121,002649,博彦科技
2122,002648,卫星石化
2123,002647,民盛金科
2124,002646,青青稞酒
2125,002645,华宏科技
2126,002644,佛慈制药
2127,002643,万润股份
2128,002642,荣之联
2129,002641,永高股份
2130,002640,跨境通
2131,002639,雪人股份
2132,002638,勤上股份
2133,002637,赞宇科技
2134,002636,金安国纪
2135,002635,安洁科技
2136,002634,棒杰股份
2137,002633,申科股份
2138,002632,道明光学
2139,002631,德尔未来
2140,002630,华西能源
2141,002629,仁智股份
2142,002628,成都路桥
2143,002627,宜昌交运
2144,002626,金达威
2145,002625,光启技术
2146,002624,完美世界
2147,002623,亚玛顿
2148,002622,融钰集团
2149,002621,三垒股份
2150,002620,瑞和股份
2151,002619,巨龙管业
2152,002618,丹邦科技
2153,002617,露笑科技
2154,002616,长青集团
2155,002615,哈尔斯
2156,002614,奥佳华
2157,002613,北玻股份
2158,002612,朗姿股份
2159,002611,东方精工
2160,002610,爱康科技
2161,002609,捷顺科技
2162,002608,江苏国信
2163,002607,亚夏汽车
2164,002606,大连电瓷
2165,002605,姚记扑克
2166,002604,龙力生物
2167,002603,以岭药业
2168,002602,世纪华通
2169,002601,龙蟒佰利
2170,002600,江粉磁材
2171,002599,盛通股份
2172,002598,山东章鼓
2173,002597,金禾实业
2174,002596,海南瑞泽
2175,002595,豪迈科技
2176,002594,比亚迪
2177,002593,日上集团
2178,002592,八菱科技
2179,002591,恒大高新
2180,002590,万安科技
2181,002589,瑞康医药
2182,002588,史丹利
2183,002587,奥拓电子
2184,002586,围海股份
2185,002585,双星新材
2186,002584,西陇科学
2187,002583,海能达
2188,002582,好想你
2189,002581,未名医药
2190,002580,圣阳股份
2191,002579,中京电子
2192,002578,闽发铝业
2193,002577,雷柏科技
2194,002576,通达动力
2195,002575,群兴玩具
2196,002574,明牌珠宝
2197,002573,清新环境
2198,002572,索菲亚
2199,002571,*ST德力
2200,002570,贝因美
2201,002569,步森股份
2202,002568,百润股份
2203,002567,唐人神
2204,002566,益盛药业
2205,002565,顺灏股份
2206,002564,天沃科技
2207,002563,森马服饰
2208,002562,兄弟科技
2209,002561,徐家汇
2210,002560,通达股份
2211,002559,亚威股份
2212,002558,巨人网络
2213,002557,洽洽食品
2214,002556,辉隆股份
2215,002555,三七互娱
2216,002554,惠博普
2217,002553,南方轴承
2218,002552,宝鼎科技
2219,002551,尚荣医疗
2220,002550,千红制药
2221,002549,凯美特气
2222,002548,金新农
2223,002547,春兴精工
2224,002546,新联电子
2225,002545,东方铁塔
2226,002544,杰赛科技
2227,002543,万和电气
2228,002542,中化岩土
2229,002541,鸿路钢构
2230,002540,亚太科技
2231,002539,云图控股
2232,002538,司尔特
2233,002537,海立美达
2234,002536,西泵股份
2235,002535,林州重机
2236,002534,杭锅股份
2237,002533,金杯电工
2238,002532,新界泵业
2239,002531,天顺风能
2240,002530,金财互联
2241,002529,海源机械
2242,002528,英飞拓
2243,002527,新时达
2244,002526,山东矿机
2245,002524,光正集团
2246,002523,天桥起重
2247,002522,浙江众成
2248,002521,齐峰新材
2249,002520,日发精机
2250,002519,银河电子
2251,002518,科士达
2252,002517,恺英网络
2253,002516,旷达科技
2254,002515,金字火腿
2255,002514,宝馨科技
2256,002513,蓝丰生化
2257,002512,达华智能
2258,002511,中顺洁柔
2259,002510,天汽模
2260,002509,天广中茂
2261,002508,老板电器
2262,002507,涪陵榨菜
2263,002506,协鑫集成
2264,002505,大康农业
2265,002504,*ST弘高
2266,002503,搜于特
2267,002502,骅威文化
2268,002501,利源精制
2269,002500,山西证券
2270,002499,科林环保
2271,002498,汉缆股份
2272,002497,雅化集团
2273,002496,辉丰股份
2274,002495,佳隆股份
2275,002494,华斯股份
2276,002493,荣盛石化
2277,002492,恒基达鑫
2278,002491,通鼎互联
2279,002490,*ST墨龙
2280,002489,浙江永强
2281,002488,金固股份
2282,002487,大金重工
2283,002486,嘉麟杰
2284,002485,希努尔
2285,002484,江海股份
2286,002483,润邦股份
2287,002482,广田集团
2288,002481,双塔食品
2289,002480,新筑股份
2290,002479,富春环保
2291,002478,常宝股份
2292,002477,雏鹰农牧
2293,002476,宝莫股份
2294,002475,立讯精密
2295,002474,榕基软件
2296,002473,*ST圣莱
2297,002472,双环传动
2298,002471,中超控股
2299,002470,金正大
2300,002469,三维工程
2301,002468,申通快递
2302,002467,二六三
2303,002466,天齐锂业
2304,002465,海格通信
2305,002464,金利科技
2306,002463,沪电股份
2307,002462,嘉事堂
2308,002461,珠江啤酒
2309,002460,赣锋锂业
2310,002459,天业通联
2311,002458,益生股份
2312,002457,青龙管业
2313,002456,欧菲光
2314,002455,百川股份
2315,002454,松芝股份
2316,002453,天马精化
2317,002452,长高集团
2318,002451,摩恩电气
2319,002450,康得新
2320,002449,国星光电
2321,002448,中原内配
2322,002447,壹桥股份
2323,002446,盛路通信
2324,002445,中南文化
2325,002444,巨星科技
2326,002443,金洲管道
2327,002442,龙星化工
2328,002441,众业达
2329,002440,闰土股份
2330,002439,启明星辰
2331,002438,江苏神通
2332,002437,誉衡药业
2333,002436,兴森科技
2334,002435,长江润发
2335,002434,万里扬
2336,002433,太安堂
2337,002432,九安医疗
2338,002431,棕榈股份
2339,002430,杭氧股份
2340,002429,兆驰股份
2341,002428,云南锗业
2342,002427,尤夫股份
2343,002426,胜利精密
2344,002425,凯撒文化
2345,002424,贵州百灵
2346,002423,中原特钢
2347,002422,科伦药业
2348,002421,达实智能
2349,002420,毅昌股份
2350,002419,天虹股份
2351,002418,康盛股份
2352,002417,三元达
2353,002416,爱施德
2354,002415,海康威视
2355,002414,高德红外
2356,002413,雷科防务
2357,002412,汉森制药
2358,002411,必康股份
2359,002410,广联达
2360,002409,雅克科技
2361,002408,齐翔腾达
2362,002407,多氟多
2363,002406,远东传动
2364,002405,四维图新
2365,002404,嘉欣丝绸
2366,002403,爱仕达
2367,002402,和而泰
2368,002401,中远海科
2369,002400,省广股份
2370,002399,海普瑞
2371,002398,建研集团
2372,002397,梦洁股份
2373,002396,星网锐捷
2374,002395,双象股份
2375,002394,联发股份
2376,002393,力生制药
2377,002392,北京利尔
2378,002391,长青股份
2379,002390,信邦制药
2380,002389,南洋科技
2381,002388,新亚制程
2382,002387,黑牛食品
2383,002386,天原集团
2384,002385,大北农
2385,002384,东山精密
2386,002383,合众思壮
2387,002382,蓝帆医疗
2388,002381,双箭股份
2389,002380,科远股份
2390,002379,宏创控股
2391,002378,章源钨业
2392,002377,国创高新
2393,002376,新北洋
2394,002375,亚厦股份
2395,002374,丽鹏股份
2396,002373,千方科技
2397,002372,伟星新材
2398,002371,北方华创
2399,002370,亚太药业
2400,002369,卓翼科技
2401,002368,太极股份
2402,002367,康力电梯
2403,002366,台海核电
2404,002365,永安药业
2405,002364,中恒电气
2406,002363,隆基机械
2407,002362,汉王科技
2408,002361,神剑股份
2409,002360,同德化工
2410,002359,齐星铁塔
2411,002358,森源电气
2412,002357,富临运业
2413,002356,赫美集团
2414,002355,兴民智通
2415,002354,天神娱乐
2416,002353,杰瑞股份
2417,002352,顺丰控股
2418,002351,漫步者
2419,002350,北京科锐
2420,002349,精华制药
2421,002348,高乐股份
2422,002347,泰尔股份
2423,002346,柘中股份
2424,002345,潮宏基
2425,002344,海宁皮城
2426,002343,慈文传媒
2427,002342,巨力索具
2428,002341,新纶科技
2429,002340,格林美
2430,002339,积成电子
2431,002338,奥普光电
2432,002337,赛象科技
2433,002336,人人乐
2434,002335,科华恒盛
2435,002334,英威腾
2436,002333,罗普斯金
2437,002332,仙琚制药
2438,002331,皖通科技
2439,002330,得利斯
2440,002329,皇氏集团
2441,002328,新朋股份
2442,002327,富安娜
2443,002326,永太科技
2444,002325,洪涛股份
2445,002324,普利特
2446,002323,雅百特
2447,002322,理工环科
2448,002321,华英农业
2449,002320,海峡股份
2450,002319,乐通股份
2451,002318,久立特材
2452,002317,众生药业
2453,002316,键桥通讯
2454,002315,焦点科技
2455,002314,南山控股
2456,002313,日海通讯
2457,002312,*ST三泰
2458,002311,海大集团
2459,002310,东方园林
2460,002309,中利集团
2461,002308,威创股份
2462,002307,北新路桥
2463,002306,*ST云网
2464,002305,南国置业
2465,002304,洋河股份
2466,002303,美盈森
2467,002302,西部建设
2468,002301,齐心集团
2469,002300,太阳电缆
2470,002299,圣农发展
2471,002298,中电鑫龙
2472,002297,博云新材
2473,002296,辉煌科技
2474,002295,精艺股份
2475,002294,信立泰
2476,002293,罗莱生活
2477,002292,奥飞娱乐
2478,002291,星期六
2479,002290,中科新材
2480,002289,宇顺电子
2481,002288,超华科技
2482,002287,奇正藏药
2483,002286,保龄宝
2484,002285,世联行
2485,002284,亚太股份
2486,002283,天润曲轴
2487,002282,博深工具
2488,002281,光迅科技
2489,002280,联络互动
2490,002279,久其软件
2491,002278,神开股份
2492,002277,友阿股份
2493,002276,万马股份
2494,002275,桂林三金
2495,002274,华昌化工
2496,002273,水晶光电
2497,002272,川润股份
2498,002271,东方雨虹
2499,002270,华明装备
2500,002269,美邦服饰
2501,002268,卫 士 通
2502,002267,陕天然气
2503,002266,浙富控股
2504,002265,西仪股份
2505,002264,新 华 都
2506,002263,大 东 南
2507,002262,恩华药业
2508,002261,拓维信息
2509,002260,德奥通航
2510,002259,升达林业
2511,002258,利尔化学
2512,002256,兆新股份
2513,002255,海陆重工
2514,002254,泰和新材
2515,002253,川大智胜
2516,002252,上海莱士
2517,002251,步 步 高
2518,002250,联化科技
2519,002249,大洋电机
2520,002248,*ST东数
2521,002247,帝龙文化
2522,002246,北化股份
2523,002245,澳洋顺昌
2524,002244,滨江集团
2525,002243,通产丽星
2526,002242,九阳股份
2527,002241,歌尔股份
2528,002240,威华股份
2529,002239,奥特佳
2530,002238,天威视讯
2531,002237,恒邦股份
2532,002236,大华股份
2533,002235,安妮股份
2534,002234,民和股份
2535,002233,塔牌集团
2536,002232,启明信息
2537,002231,奥维通信
2538,002230,科大讯飞
2539,002229,鸿博股份
2540,002228,合兴包装
2541,002227,奥 特 迅
2542,002226,江南化工
2543,002225,濮耐股份
2544,002224,三 力 士
2545,002223,鱼跃医疗
2546,002222,福晶科技
2547,002221,东华能源
2548,002220,天宝股份
2549,002219,恒康医疗
2550,002218,拓日新能
2551,002217,合力泰
2552,002216,三全食品
2553,002215,诺 普 信
2554,002214,大立科技
2555,002213,特 尔 佳
2556,002212,南洋股份
2557,002211,宏达新材
2558,002210,飞马国际
2559,002209,达 意 隆
2560,002208,合肥城建
2561,002207,*ST准油
2562,002206,海 利 得
2563,002205,国统股份
2564,002204,大连重工
2565,002203,海亮股份
2566,002202,金风科技
2567,002201,九鼎新材
2568,002200,云投生态
2569,002199,东晶电子
2570,002198,嘉应制药
2571,002197,证通电子
2572,002196,方正电机
2573,002195,二三四五
2574,002194,武汉凡谷
2575,002193,如意集团
2576,002192,融捷股份
2577,002191,劲嘉股份
2578,002190,成飞集成
2579,002189,利达光电
2580,002188,巴士在线
2581,002187,广百股份
2582,002186,全 聚 德
2583,002185,华天科技
2584,002184,海得控制
2585,002183,怡 亚 通
2586,002182,云海金属
2587,002181,粤 传 媒
2588,002180,纳思达
2589,002179,中航光电
2590,002178,延华智能
2591,002177,御银股份
2592,002176,江特电机
2593,002175,东方网络
2594,002174,游族网络
2595,002173,创新医疗
2596,002172,澳洋科技
2597,002171,楚江新材
2598,002170,芭田股份
2599,002169,智光电气
2600,002168,深圳惠程
2601,002167,东方锆业
2602,002166,莱茵生物
2603,002165,红 宝 丽
2604,002164,宁波东力
2605,002163,中航三鑫
2606,002162,悦心健康
2607,002161,远 望 谷
2608,002160,常铝股份
2609,002159,三特索道
2610,002158,汉钟精机
2611,002157,正邦科技
2612,002156,通富微电
2613,002155,湖南黄金
2614,002154,报 喜 鸟
2615,002153,石基信息
2616,002152,广电运通
2617,002151,北斗星通
2618,002150,通润装备
2619,002149,西部材料
2620,002148,北纬通信
2621,002147,新光圆成
2622,002146,荣盛发展
2623,002145,中核钛白
2624,002144,宏达高科
2625,002143,印纪传媒
2626,002142,宁波银行
2627,002141,贤丰控股
2628,002140,东华科技
2629,002139,拓邦股份
2630,002138,顺络电子
2631,002137,麦达数字
2632,002136,安 纳 达
2633,002135,东南网架
2634,002134,*ST普林
2635,002133,广宇集团
2636,002132,恒星科技
2637,002131,利欧股份
2638,002130,沃尔核材
2639,002129,中环股份
2640,002128,露天煤业
2641,002127,南极电商
2642,002126,银轮股份
2643,002125,湘潭电化
2644,002124,天邦股份
2645,002123,梦网荣信
2646,002122,天马股份
2647,002121,科陆电子
2648,002120,韵达股份
2649,002119,康强电子
2650,002118,紫鑫药业
2651,002117,东港股份
2652,002116,中国海诚
2653,002115,三维通信
2654,002114,罗平锌电
2655,002113,天润数娱
2656,002112,三变科技
2657,002111,威海广泰
2658,002110,三钢闽光
2659,002109,兴化股份
2660,002108,沧州明珠
2661,002107,沃华医药
2662,002106,莱宝高科
2663,002105,信隆健康
2664,002104,恒宝股份
2665,002103,广博股份
2666,002102,冠福股份
2667,002101,广东鸿图
2668,002100,天康生物
2669,002099,海翔药业
2670,002098,浔兴股份
2671,002097,山河智能
2672,002096,南岭民爆
2673,002095,生 意 宝
2674,002094,青岛金王
2675,002093,国脉科技
2676,002092,中泰化学
2677,002091,江苏国泰
2678,002090,金智科技
2679,002089,新 海 宜
2680,002088,鲁阳节能
2681,002087,新野纺织
2682,002086,东方海洋
2683,002085,万丰奥威
2684,002084,海鸥卫浴
2685,002083,孚日股份
2686,002082,栋梁新材
2687,002081,金 螳 螂
2688,002080,中材科技
2689,002079,苏州固锝
2690,002078,太阳纸业
2691,002077,大港股份
2692,002076,雪 莱 特
2693,002075,沙钢股份
2694,002074,国轩高科
2695,002073,软控股份
2696,002072,凯瑞德
2697,002071,长城影视
2698,002070,*ST众和
2699,002069,獐子岛
2700,002068,黑猫股份
2701,002067,景兴纸业
2702,002066,瑞泰科技
2703,002065,东华软件
2704,002064,华峰氨纶
2705,002063,远光软件
2706,002062,宏润建设
2707,002061,江山化工
2708,002060,粤 水 电
2709,002059,云南旅游
2710,002058,威 尔 泰
2711,002057,中钢天源
2712,002056,横店东磁
2713,002055,得润电子
2714,002054,德美化工
2715,002053,云南能投
2716,002052,同洲电子
2717,002051,中工国际
2718,002050,三花智控
2719,002049,紫光国芯
2720,002048,宁波华翔
2721,002047,宝鹰股份
2722,002046,轴研科技
2723,002045,国光电器
2724,002044,美年健康
2725,002043,兔 宝 宝
2726,002042,华孚色纺
2727,002041,登海种业
2728,002040,南 京 港
2729,002039,黔源电力
2730,002038,双鹭药业
2731,002037,久联发展
2732,002036,联创电子
2733,002035,华帝股份
2734,002034,美 欣 达
2735,002033,丽江旅游
2736,002032,苏 泊 尔
2737,002031,巨轮智能
2738,002030,达安基因
2739,002029,七 匹 狼
2740,002028,思源电气
2741,002027,分众传媒
2742,002026,山东威达
2743,002025,航天电器
2744,002024,苏宁云商
2745,002023,海特高新
2746,002022,科华生物
2747,002021,中捷资源
2748,002020,京新药业
2749,002019,亿帆医药
2750,002018,华信国际
2751,002017,东信和平
2752,002016,世荣兆业
2753,002015,霞客环保
2754,002014,永新股份
2755,002013,中航机电
2756,002012,凯恩股份
2757,002011,盾安环境
2758,002010,传化智联
2759,002009,天奇股份
2760,002008,大族激光
2761,002007,华兰生物
2762,002006,精功科技
2763,002005,德豪润达
2764,002004,华邦健康
2765,002003,伟星股份
2766,002002,鸿达兴业
2767,002001,新 和 成
2768,001979,招商蛇口
2769,001896,豫能控股
2770,001696,宗申动力
2771,000999,华润三九
2772,000998,隆平高科
2773,000997,新 大 陆
2774,000996,中国中期
2775,000995,皇台酒业
2776,000993,闽东电力
2777,000990,诚志股份
2778,000989,九 芝 堂
2779,000988,华工科技
2780,000987,越秀金控
2781,000985,大庆华科
2782,000983,西山煤电
2783,000982,*ST 中绒
2784,000981,银亿股份
2785,000980,众泰汽车
2786,000979,中弘股份
2787,000978,桂林旅游
2788,000977,浪潮信息
2789,000976,春晖股份
2790,000975,银泰资源
2791,000973,佛塑科技
2792,000972,*ST中基
2793,000971,高升控股
2794,000970,中科三环
2795,000969,安泰科技
2796,000968,蓝焰控股
2797,000967,盈峰环境
2798,000966,长源电力
2799,000965,天保基建
2800,000963,华东医药
2801,000962,东方钽业
2802,000961,中南建设
2803,000960,锡业股份
2804,000959,首钢股份
2805,000958,东方能源
2806,000957,中通客车
2807,000955,欣龙控股
2808,000953,*ST河化
2809,000952,广济药业
2810,000951,中国重汽
2811,000950,*ST建峰
2812,000949,新乡化纤
2813,000948,南天信息
2814,000939,凯迪生态
2815,000938,紫光股份
2816,000937,冀中能源
2817,000936,华西股份
2818,000935,四川双马
2819,000933,神火股份
2820,000932,*ST华菱
2821,000931,中 关 村
2822,000930,中粮生化
2823,000929,兰州黄河
2824,000928,中钢国际
2825,000927,一汽夏利
2826,000926,福星股份
2827,000925,众合科技
2828,000923,河北宣工
2829,000922,*ST佳电
2830,000921,海信科龙
2831,000920,南方汇通
2832,000919,金陵药业
2833,000918,嘉凯城
2834,000917,电广传媒
2835,000916,华北高速
2836,000915,山大华特
2837,000913,钱江摩托
2838,000912,泸天化
2839,000911,南宁糖业
2840,000910,大亚圣象
2841,000909,数源科技
2842,000908,景峰医药
2843,000906,浙商中拓
2844,000905,厦门港务
2845,000903,云内动力
2846,000902,新洋丰
2847,000901,航天科技
2848,000900,现代投资
2849,000899,赣能股份
2850,000898,鞍钢股份
2851,000897,津滨发展
2852,000895,双汇发展
2853,000893,东凌国际
2854,000892,欢瑞世纪
2855,000890,法 尔 胜
2856,000889,茂业通信
2857,000888,峨眉山Ａ
2858,000887,中鼎股份
2859,000886,海南高速
2860,000885,同力水泥
2861,000883,湖北能源
2862,000882,华联股份
2863,000881,中广核技
2864,000880,潍柴重机
2865,000878,云南铜业
2866,000877,天山股份
2867,000876,新 希 望
2868,000875,吉电股份
2869,000869,张 裕Ａ
2870,000868,安凯客车
2871,000863,三湘印象
2872,000862,银星能源
2873,000861,海印股份
2874,000860,顺鑫农业
2875,000859,国风塑业
2876,000858,五 粮 液
2877,000856,冀东装备
2878,000852,石化机械
2879,000851,高鸿股份
2880,000850,华茂股份
2881,000848,承德露露
2882,000839,中信国安
2883,000838,财信发展
2884,000837,秦川机床
2885,000836,鑫茂科技
2886,000835,长城动漫
2887,000833,贵糖股份
2888,000831,五矿稀土
2889,000830,鲁西化工
2890,000829,天音控股
2891,000828,东莞控股
2892,000826,启迪桑德
2893,000825,太钢不锈
2894,000823,超声电子
2895,000822,山东海化
2896,000821,京山轻机
2897,000820,神雾节能
2898,000819,岳阳兴长
2899,000818,方大化工
2900,000816,智慧农业
2901,000815,美利云
2902,000813,德展健康
2903,000812,陕西金叶
2904,000811,烟台冰轮
2905,000810,创维数字
2906,000809,*ST新城
2907,000807,云铝股份
2908,000806,银河生物
2909,000803,*ST金宇
2910,000802,北京文化
2911,000801,四川九洲
2912,000800,一汽轿车
2913,000799,酒鬼酒
2914,000798,中水渔业
2915,000797,中国武夷
2916,000796,凯撒旅游
2917,000795,英洛华
2918,000793,华闻传媒
2919,000792,盐湖股份
2920,000791,甘肃电投
2921,000790,泰合健康
2922,000789,万年青
2923,000788,北大医药
2924,000786,北新建材
2925,000785,武汉中商
2926,000783,长江证券
2927,000782,美达股份
2928,000780,*ST平能
2929,000779,三毛派神
2930,000778,新兴铸管
2931,000777,中核科技
2932,000776,广发证券
2933,000768,中航飞机
2934,000767,漳泽电力
2935,000766,通化金马
2936,000762,西藏矿业
2937,000761,本钢板材
2938,000760,斯太尔
2939,000759,中百集团
2940,000758,中色股份
2941,000757,浩物股份
2942,000756,新华制药
2943,000755,*ST三维
2944,000753,漳州发展
2945,000752,西藏发展
2946,000751,锌业股份
2947,000750,国海证券
2948,000739,普洛药业
2949,000738,航发控制
2950,000737,南风化工
2951,000736,中房地产
2952,000735,罗 牛 山
2953,000733,振华科技
2954,000732,泰禾集团
2955,000731,四川美丰
2956,000729,燕京啤酒
2957,000728,国元证券
2958,000727,华东科技
2959,000726,鲁 泰Ａ
2960,000725,京东方Ａ
2961,000723,美锦能源
2962,000722,湖南发展
2963,000721,西安饮食
2964,000720,新能泰山
2965,000719,大地传媒
2966,000718,苏宁环球
2967,000717,韶钢松山
2968,000716,黑芝麻
2969,000715,中兴商业
2970,000713,丰乐种业
2971,000712,锦龙股份
2972,000711,京蓝科技
2973,000710,*ST天仪
2974,000709,河钢股份
2975,000708,大冶特钢
2976,000707,双环科技
2977,000705,浙江震元
2978,000703,恒逸石化
2979,000702,正虹科技
2980,000701,厦门信达
2981,000700,模塑科技
2982,000698,沈阳化工
2983,000697,炼石有色
2984,000695,滨海能源
2985,000693,*ST华泽
2986,000692,惠天热电
2987,000691,ST亚太
2988,000690,宝新能源
2989,000688,建新矿业
2990,000687,华讯方舟
2991,000686,东北证券
2992,000685,中山公用
2993,000683,远兴能源
2994,000682,东方电子
2995,000681,视觉中国
2996,000680,山推股份
2997,000679,大连友谊
2998,000678,襄阳轴承
2999,000677,恒天海龙
3000,000676,智度股份
3001,000673,当代东方
3002,000672,上峰水泥
3003,000671,阳 光 城
3004,000670,盈方微
3005,000669,金鸿能源
3006,000668,荣丰控股
3007,000667,美好置业
3008,000666,经纬纺机
3009,000665,湖北广电
3010,000663,永安林业
3011,000662,天夏智慧
3012,000661,长春高新
3013,000659,*ST中富
3014,000657,中钨高新
3015,000656,金科股份
3016,000655,金岭矿业
3017,000652,泰达股份
3018,000651,格力电器
3019,000650,仁和药业
3020,000639,西王食品
3021,000638,万方发展
3022,000637,茂化实华
3023,000636,风华高科
3024,000635,英 力 特
3025,000633,合金投资
3026,000632,三木集团
3027,000631,顺发恒业
3028,000630,铜陵有色
3029,000629,*ST钒钛
3030,000628,高新发展
3031,000627,天茂集团
3032,000626,远大控股
3033,000625,长安汽车
3034,000623,吉林敖东
3035,000622,恒立实业
3036,000620,新华联
3037,000619,海螺型材
3038,000617,中油资本
3039,000616,海航投资
3040,000615,京汉股份
3041,000613,*ST东海A
3042,000612,焦作万方
3043,000611,天首发展
3044,000610,西安旅游
3045,000609,绵石投资
3046,000608,阳光股份
3047,000607,华媒控股
3048,000606,神州易桥
3049,000605,渤海股份
3050,000603,盛达矿业
3051,000601,韶能股份
3052,000600,建投能源
3053,000599,青岛双星
3054,000598,兴蓉环境
3055,000597,东北制药
3056,000596,古井贡酒
3057,000595,*ST宝实
3058,000593,大通燃气
3059,000592,平潭发展
3060,000591,太阳能
3061,000590,启迪古汉
3062,000589,黔轮胎Ａ
3063,000587,金洲慈航
3064,000586,汇源通信
3065,000585,东北电气
3066,000584,友利控股
3067,000582,北部湾港
3068,000581,威孚高科
3069,000576,广东甘化
3070,000573,粤宏远Ａ
3071,000572,海马汽车
3072,000571,新大洲Ａ
3073,000570,苏常柴Ａ
3074,000568,泸州老窖
3075,000567,海德股份
3076,000566,海南海药
3077,000565,渝三峡Ａ
3078,000564,供销大集
3079,000563,陕国投Ａ
3080,000561,烽火电子
3081,000560,昆百大Ａ
3082,000559,万向钱潮
3083,000558,莱茵体育
3084,000557,西部创业
3085,000555,神州信息
3086,000554,泰山石油
3087,000553,沙隆达Ａ
3088,000552,靖远煤电
3089,000551,创元科技
3090,000550,江铃汽车
3091,000548,湖南投资
3092,000547,航天发展
3093,000546,金圆股份
3094,000545,金浦钛业
3095,000544,中原环保
3096,000543,皖能电力
3097,000541,佛山照明
3098,000540,中天金融
3099,000539,粤电力Ａ
3100,000538,云南白药
3101,000537,广宇发展
3102,000536,华映科技
3103,000534,万泽股份
3104,000533,万 家 乐
3105,000532,华金资本
3106,000531,穗恒运Ａ
3107,000530,大冷股份
3108,000529,广弘控股
3109,000528,柳 工
3110,000526,*ST紫学
3111,000525,红 太 阳
3112,000524,岭南控股
3113,000523,广州浪奇
3114,000521,美菱电器
3115,000520,长航凤凰
3116,000519,中兵红箭
3117,000518,四环生物
3118,000517,荣安地产
3119,000516,国际医学
3120,000514,渝 开 发
3121,000513,丽珠集团
3122,000511,*ST烯碳
3123,000510,金路集团
3124,000509,华塑控股
3125,000507,珠海港
3126,000506,中润资源
3127,000505,珠江控股
3128,000504,南华生物
3129,000503,海虹控股
3130,000502,绿景控股
3131,000501,鄂武商Ａ
3132,000498,山东路桥
3133,000488,晨鸣纸业
3134,000430,张家界
3135,000429,粤高速Ａ
3136,000428,华天酒店
3137,000426,兴业矿业
3138,000425,徐工机械
3139,000423,东阿阿胶
3140,000422,湖北宜化
3141,000421,南京公用
3142,000420,吉林化纤
3143,000419,通程控股
3144,000418,小天鹅Ａ
3145,000417,合肥百货
3146,000416,民生控股
3147,000415,渤海金控
3148,000413,东旭光电
3149,000411,英特集团
3150,000410,*ST沈机
3151,000409,山东地矿
3152,000408,藏格控股
3153,000407,胜利股份
3154,000404,华意压缩
3155,000403,ST生化
3156,000402,金 融 街
3157,000401,冀东水泥
3158,000400,许继电气
3159,000338,潍柴动力
3160,000333,美的集团
3161,000301,东方市场
3162,000166,申万宏源
3163,000159,国际实业
3164,000158,常山股份
3165,000157,中联重科
3166,000156,华数传媒
3167,000155,*ST川化
3168,000153,丰原药业
3169,000151,中成股份
3170,000150,宜华健康
3171,000100,TCL 集团
3172,000099,中信海直
3173,000096,广聚能源
3174,000090,天健集团
3175,000089,深圳机场
3176,000088,盐 田 港
3177,000078,海王生物
3178,000070,特发信息
3179,000069,华侨城Ａ
3180,000068,华控赛格
3181,000066,中国长城
3182,000065,北方国际
3183,000063,中兴通讯
3184,000062,深圳华强
3185,000061,农 产 品
3186,000060,中金岭南
3187,000059,华锦股份
3188,000058,深 赛 格
3189,000056,皇庭国际
3190,000055,方大集团
3191,000050,深天马Ａ
3192,000049,德赛电池
3193,000048,康达尔
3194,000046,泛海控股
3195,000045,深纺织Ａ
3196,000043,中航地产
3197,000042,中洲控股
3198,000040,东旭蓝天
3199,000039,中集集团
3200,000038,深大通
3201,000037,深南电A
3202,000036,华联控股
3203,000035,中国天楹
3204,000034,神州数码
3205,000032,深桑达Ａ
3206,000031,中粮地产
3207,000030,富奥股份
3208,000029,深深房Ａ
3209,000028,国药一致
3210,000027,深圳能源
3211,000026,飞亚达Ａ
3212,000025,特 力Ａ
3213,000023,深天地Ａ
3214,000022,深赤湾Ａ
3215,000021,深科技
3216,000020,深华发Ａ
3217,000019,深深宝Ａ
3218,000018,神州长城
3219,000017,深中华A
3220,000016,深康佳Ａ
3221,000014,沙河股份
3222,000012,南 玻Ａ
3223,000011,深物业A
3224,000010,美丽生态
3225,000009,中国宝安
3226,000008,神州高铁
3227,000007,全新好
3228,000006,深振业Ａ
3229,000005,世纪星源
3230,000004,国农科技
3231,000002,万 科Ａ
3232,000001,平安银行
3233,900951,*ST大化B
3234,900930,*ST沪普B
3235,900921,*ST丹科B
3236,601918,新集能源
3237,601558,*ST锐电
3238,601519,*ST智慧
3239,601106,*ST一重
3240,601005,*ST重钢
3241,600877,*ST嘉陵
3242,600866,星湖科技
3243,600860,*ST京城
3244,600847,*ST万里
3245,600844,*ST丹科
3246,600817,*ST宏盛
3247,600815,*ST厦工
3248,600806,*ST昆机
3249,600793,宜宾纸业
3250,600767,*ST运盛
3251,600760,中航黑豹
3252,600747,*ST大控
3253,600733,S*ST前锋
3254,600732,ST新梅
3255,600725,ST云维
3256,600721,百花村
3257,600710,*ST常林
3258,600701,工大高新
3259,600696,*ST匹凸
3260,600680,*ST上普
3261,600675,中华企业
3262,600656,退市博元
3263,600654,*ST中安
3264,600636,*ST爱富
3265,600608,*ST沪科
3266,600603,广汇物流
3267,600581,八一钢铁
3268,600556,ST慧球
3269,600546,山煤国际
3270,600540,*ST新赛
3271,600539,狮头股份
3272,600520,中发科技
3273,600432,*ST吉恩
3274,600425,*ST青松
3275,600423,*ST柳化
3276,600403,*ST大有
3277,600401,*ST海润
3278,600390,五矿资本
3279,600381,青海春天
3280,600375,华菱星马
3281,600346,恒力股份
3282,600339,中油工程
3283,600319,亚星化学
3284,600306,商业城
3285,600301,ST南化
3286,600275,*ST昌鱼
3287,600265,ST景谷
3288,600247,ST成城
3289,600234,ST山水
3290,600230,沧州大化
3291,600228,*ST昌九
3292,600225,*ST松江
3293,600212,江泉实业
3294,600179,安通控股
3295,600149,*ST坊展
3296,600145,*ST新亿
3297,600121,*ST郑煤
3298,600112,*ST天成
3299,600091,ST明科